{
  //Options
  "$logo_edition": "cpp", //"java" or "cpp"
  "$ignore_recipe_book": false,
  "$ignore_recipe_book_pages": false, 
  

    ///////// Settings //////
    
    //Debug
      "$mc_beta_render": false,
      "$pack_info": true,
    


    //Only one can be activated. This is under "Minecraft"
      "$mc_java_edition": true,
      "$mc_cpp_edition": false,
      "$mc_bedrock_edition": false,
    


    //Others
      "$mc_show_platform": false,
      "$mc_additional sections": true,
      "$mc_highlight_slot_touch": true, 
      "$mc_container_toolbar": true,
      "$mc_upgrade_mobile_chat_to_java_chat": true,
    


    //Texts
      "$mc_platform": "Minecraft",
      "$mc_version": "#version",
      "$mc_development_version": "#development_version",
      "$mc_copyright": "Copyright Mojang AB. Do not distribute!",
      "$arrow_left": "<",
      "$arrow_right": ">",
      "$pack_info_right_text": "Created by @GalaxyCompany",
      "$pack_info_left_text": "V2.0",
      "$pack_info_font_size": "small",
    
    
     //textures//
 
 "$white_image_texture": "ui_gscreen/textures/interface/white",
 
 "$white_image_texture_border": "ui_gscreen/textures/interface/white_border",




      // Color Format Colors //
    
      "$0_color_format": [ 0.0, 0.0, 0.0 ], // Black
      "$1_color_format": [ 0.0, 0.0, 0.667 ], // Dark Blue
      "$2_color_format": [ 0.0, 0.667, 0 ], // Dark Green
      "$3_color_format": [ 0.0, 0.667, 0.667 ], // Dark Aqua
      "$4_color_format": [ 0.667, 0.0, 0.0 ], // Dark Red
      "$5_color_format": [ 0.667, 0.0, 0.667 ], // Dark Purple
      "$6_color_format": [ 1.0, 0.667, 0.0 ], // Gold
      "$7_color_format": [ 0.667, 0.667, 0.667 ], // Gray
      "$8_color_format": [ 0.333, 0.333, 0.333 ], // Dark Gray
      "$9_color_format": [ 0.333, 0.333, 1.0 ], // Blue
      "$a_color_format": [ 0.333, 1.0, 0.333 ], // Green
      "$b_color_format": [ 0.333, 1.0, 1.0 ], // Aqua
      "$c_color_format": [ 1.0, 0.333, 0.333 ], // Red
      "$d_color_format": [ 1.0, 0.333, 1.0 ], // Light Purple
      "$e_color_format": [ 1.0, 1.0, 0.333 ], // Yellow
      "$f_color_format": [ 1.0, 1.0, 1.0 ], // White
      "$locked_color_button": [ 1.81, 1.81, 1.81 ], //lock
    



      // Text Color //

      //General
      "$debug_text_color": [ 0.87, 0.87, 0.87 ],
      "$info_text_color": [ 0.97, 0.97, 0.97 ],
      "$container_title_text_color": [ 0.3, 0.3, 0.3 ],
      "$container_title_inventory_text_color": [ 0.3, 0.3, 0.3 ],


      //Buttons Label
      "$button_default_label_color": [ 0.87, 0.87, 0.87 ],
      "$button_hover_label_color": [ 1.0, 1.0, 0.62 ],
      "$button_pressed_label_color": [ 1.0, 1.0, 0.62 ],
      "$button_locked_label_color": [ 0.62, 0.62, 0.62 ],
    
      //Scoreboard Colors
      "$player_name_color": [ 1.0, 1.0, 1.0, 1.0 ],
      "$objective_title_color": [ 1.0, 1.0, 1.0, 1.0 ],
      "$player_score_color": [ 1.0, 0.0, 0.0, 1.0 ],
      "$player_list_score_color": [ 1.0, 1.0, 0.33, 1.0 ],
    
      //Experience
      "$experience_text_color": [ 0.5, 1.0, 0.0 ],
      "$experience_border_color": [ 0.0, 0.0, 0.0 ],
    





      // Textures Color //
    
      "$highlight_slot_color": [ 1.0, 1.0, 1.0 ],
      "$red_highlight_slot_color": [ 1.0, 0.0, 0.0 ],
      "$text_edit_box_border_color": [ 0.4, 0.4, 0.4 ],
      "$text_edit_box_bg_color": [ 0.0, 0.0, 0.0 ],
      "$scroll_box_bg_color": [ 0.3, 0.3, 0.3 ],
      "$scroll_box_border_color": [ 0.7, 0.7, 0.7 ],
      "$in_game_background_color": [ 0.0, 0.0, 0.0 ],
    


      // Transition times //
    
      //Anims
      "$new_offers_transition_duration": 0.75,

      "$transition_time_push_size": 0.6,
      "$transition_time_pop_size": 0.25,
      "$transition_time_push": 0.4,
      "$transition_time_pop": 0.4,
      "$container_transition_time_push": 0.4,
      "$container_transition_time_pop": 0.4,
      "$loading_bar_transition": 3.0,
    
      // Screens and Others Alpha Bg //
    
      "$in_game_background_alpha": 0.1,
      "$in_container_background_alpha": 0.3,
      "$more_dark_in_game_background_alpha": 0.3,
    
      "$highlight_slot_alpha": 0.4,
      "$highlight_slot_border_alpha": 0.9,
    
                    // Resolutions //
    
      //Title
      "$minecraft_texture": "ui_gscreen/textures/title/title",
      "$minecraft_edu_texture": "ui_gscreen/textures/title/title_education",
      "$java_edition_texture": "ui_gscreen/textures/title/edition",
      "$edu_edition_texture": "textures/gui/title/education_edition",
      "$cpp_edition_texture": "textures/gui/title/cpp_edition",
      "$bedrock_edition_texture": "textures/gui/title/bedrock_edition",
      "$minec_uv": [ 0, 0 ],
      "$minec_uv_size": [ 1097, 324 ],
      "$raft_uv": [ 0, 324 ],
      "$raft_uv_size": [ 840, 324 ],
      "$minec_uv": [ 0, 0 ],
      "$minec_uv_size": [ 155, 44 ],
      "$raft_uv": [ 0, 45 ],
      "$raft_uv_size": [ 119, 44 ],
      "$edition_uv": [ 0, 0 ],
      "$java_edition_uv_size": [ 98, 14 ],
      "$cpp_edition_uv_size": [ 88, 14 ],
      "$bedrock_edition_uv_size": [],
      "$edu_edition_uv_size": [ 1176, 212 ],
    
     //widgets
     "$widgets_resolution": "256x",
    
    //Widgets
      "$widgets_texture": "ui_gscreen/textures/interface/widgets",
    
    //Button(Also Toggle, Button Toggle)
      "$button_200px_left_default_uv": [ 0, 66 ],
      "$button_150px_left_default_uv": [ 0, 66 ],
      "$button_98px_left_default_uv": [ 0, 66 ],
      "$button_73px_left_default_uv": [ 0, 66 ],
      "$button_50px_left_default_uv": [ 0, 66 ],
      "$button_20px_left_default_uv": [ 0, 66 ],
      "$button_200px_left_hover_uv": [ 0, 86 ],
      "$button_150px_left_hover_uv": [ 0, 86 ],
      "$button_98px_left_hover_uv": [ 0, 86 ],
      "$button_73px_left_hover_uv": [ 0, 86 ],
      "$button_50px_left_hover_uv": [ 0, 86 ],
      "$button_20px_left_hover_uv": [ 0, 86 ],
      "$button_200px_left_pressed_uv": [ 0, 86 ],
      "$button_150px_left_pressed_uv": [ 0, 86 ],
      "$button_98px_left_pressed_uv": [ 0, 86 ],
      "$button_50px_left_pressed_uv": [ 0, 86 ],
      "$button_73px_left_pressed_uv": [ 0, 86 ],
      "$button_20px_left_pressed_uv": [ 0, 86 ],
      "$button_200px_left_locked_uv": [ 0, 46 ],
      "$button_150px_left_locked_uv": [ 0, 46 ],
      "$button_98px_left_locked_uv": [ 0, 46 ],
      "$button_73px_left_locked_uv": [ 0, 46 ],
      "$button_50px_left_locked_uv": [ 0, 46 ],
      "$button_20px_left_locked_uv": [ 0, 46 ],
      "$button_200px_right_default_uv": [ 100, 66 ],
      "$button_150px_right_default_uv": [ 125, 66 ],
      "$button_98px_right_default_uv": [ 151, 66 ],
      "$button_73px_right_default_uv": [ 163, 66 ],
      "$button_50px_right_default_uv": [ 175, 66 ],
      "$button_20px_right_default_uv": [ 190, 66 ],
      "$button_200px_right_hover_uv": [ 100, 86 ],
      "$button_150px_right_hover_uv": [ 125, 86 ],
      "$button_98px_right_hover_uv": [ 151, 86 ],
      "$button_73px_right_hover_uv": [ 163, 86 ],
      "$button_50px_right_hover_uv": [ 175, 86 ],
      "$button_20px_right_hover_uv": [ 190, 86 ],
      "$button_200px_right_pressed_uv": [ 100, 86 ],
      "$button_150px_right_pressed_uv": [ 125, 86 ],
      "$button_98px_right_pressed_uv": [ 151, 86 ],
      "$button_73px_right_pressed_uv": [ 163, 86 ],
      "$button_50px_right_pressed_uv": [ 175, 86 ],
      "$button_20px_right_pressed_uv": [ 190, 86 ],
      "$button_200px_right_locked_uv": [ 100, 46 ],
      "$button_150px_right_locked_uv": [ 125, 46 ],
      "$button_98px_right_locked_uv": [ 151, 46 ],
      "$button_73px_right_locked_uv": [ 163, 46 ],
      "$button_50px_right_locked_uv": [ 175, 46 ],
      "$button_20px_right_locked_uv": [ 190, 46 ],
      "$button_200px_uv_size": [ 100, 20 ],
      "$button_150px_uv_size": [ 75, 20 ],
      "$button_98px_uv_size": [ 49, 20 ],
      "$button_73px_uv_size": [ 36, 20 ],
      "$button_73px_right_uv_size": [ 37, 20 ],
      "$button_50px_uv_size": [ 25, 20 ],
      "$button_20px_uv_size": [ 10, 20 ],
      "$feedback_button_left_default_uv": [ 0, 106 ],
      "$feedback_button_right_default_uv": [ 10, 106 ],
      "$feedback_button_left_hover_uv": [ 0, 126 ],
      "$feedback_button_right_hover_uv": [ 10, 126 ],
      "$feedback_button_left_pressed_uv": [ 0, 126 ],
      "$feedback_button_right_pressed_uv": [ 10, 126 ],
      "$feedback_button_uv_size": [ 10, 20 ],
    
      //Slider
      "$slider_310px_left_uv": [ 0, 46 ],
      "$slider_150px_left_uv": [ 0, 46 ],
      "$slider_310px_right_uv": [ 45, 46 ],
      "$slider_150px_right_uv": [ 125, 46 ],
      "$slider_310px_uv_size": [ 155, 20 ],
      "$slider_150px_uv_size": [ 75, 20 ],
      "$slider_button_left_uv": [ 0, 66 ],
      "$slider_button_right_uv": [ 196, 66 ],
      "$slider_button_uv_size": [ 4, 20 ],
    
      //Hotbar
      "$hotbar_uv": [ 0, 0 ],
      "$hotbar_uv_size": [ 182, 22 ],
      "$hotbar_selected_uv": [ 0, 22 ],
      "$hotbar_selected_uv_size": [ 24, 24 ],
      "$hotbar_slot_offhand_uv": [ 24, 23 ],
      "$hotbar_slot_offhand_uv_size": [ 22, 22 ],
      "$realms_invite_icon_default_uv": [ 182, 24 ],
      "$realms_invite_icon_hover_uv": [ 166, 24 ],
      "$realms_invite_icon_pressed_uv": [ 166, 24 ],
      "$realms_invite_icon_uv_size": [ 15, 12 ],
    
      //Resource Packs and World/Server Selection:
      "$resource_packs_texture": "ui_gscreen/textures/gui/resource_packs",
      "$world_selection_texture": "ui_gscreen/textures/gui/world_selection",
      "$server_selection_texture": "ui_gscreen/textures/gui/server_selection",
      "$rp_apply_button_default_uv": [ 0, 0 ],
      "$rp_apply_button_hover_uv": [ 0, 32 ],
      "$rp_apply_button_pressed_uv": [ 0, 32 ],
      "$rp_apply_button_uv_size": [ 32, 32 ],
      "$rp_remove_button_default_uv": [ 32, 0 ],
      "$rp_remove_button_hover_uv": [ 32, 32 ],
      "$rp_remove_button_pressed_uv": [ 32, 32 ],
      "$rp_remove_button_uv_size": [ 32, 32 ],
      "$rp_sort_up_button_default_uv": [ 96, 0 ],
      "$rp_sort_up_button_hover_uv": [ 96, 32 ],
      "$rp_sort_up_button_pressed_uv": [ 96, 32 ],
      "$rp_sort_up_button_uv_size": [ 32, 32 ],
      "$rp_sort_down_button_default_uv": [ 64, 0 ],
      "$rp_sort_down_button_state_hover_uv": [ 64, 32 ],
      "$rp_sort_down_button_state_pressed_uv": [ 64, 32 ],
      "$rp_sort_down_button_uv_size": [ 32, 32 ],
      "$ws_apply_button_state_default_uv": [],
      "$ws_apply_button_state_hover_uv": [],
      "$ws_apply_button_state_pressed_uv": [],
      "$ws_apply_button_uv_size": [],
      "$ws_warning_button_state_default_uv": [],
      "$ws_warning_button_state_hover_uv": [],
      "$ws_warning_error_button_state_hover_uv": [],
      "$ws_warning_button_state_pressed_uv": [],
      "$ws_warning_error_button_state_pressed_uv": [],
      "$ws_warning_button_uv_size": [],
      "$ss_apply_button_state_default_uv": [],
      "$ss_apply_button_state_hover_uv": [],
      "$ss_apply_button_state_pressed_uv": [],
      "$ss_apply_button_uv_size": [],
 
    
    //Others
      "$options_background_texture": "ui_gscreen/textures/gui/options_background",
      "$options_bg_tiled_scale": [ 2, 2 ],
      "$white_base_image_texture": "ui_gscreen/textures/interface/white",
      "$cell_image_uv": [ 8, 17 ],
      "$cell_image_uv_size": [ 18, 18 ]
    }
