{ 
    "namespace": "Icons",
      "cosmetics": {
        "type": "image",  
        "texture": "textures/ui/icon_deals",
        "size": [ "30%", "30%" ]
      },
      "profile": {
        "type": "image",
        "texture": "textures/ui/icon_hangar",
        "size": [ "30%", "30%" ]
      },
      "profilesettings": {
        "type": "image",
        "texture": "ui_gscreen/textures/icons/settings_icon",
        "size": [ 14, 14 ]
      },
      "profiletrash": {
        "type": "image",
        "texture": "textures/ui/icon_trash",
        "size": [ 13, 14 ]
      },
      "x": {
        "type": "image",
        "texture": "textures/ui/crossout",
        "size": [ "30%", "30%" ]
      },
      "title": {
        "type": "image",
        "texture": "ui_gscreen/textures/title/title",
        "size": [ "150%", "150%" ]
      }

}