{
  "namespace": "clear_button",
  
  
  "button_label": {
    "type": "label",
    "layer": 2,
    "text": "$button_text",
	"font_type": "smooth",
    "color": "$text_color",
    "max_size": [
      "100% - 4px",
      "100% - 4px"
    ],
    "bindings": "$button_bindings"
  },
  
  "top_menu_button_image": {
    "type": "image",
    "$custom_content|default": "",
    "$custom_content_size|default": [ "70%", "70%" ],
    "$default|default": false,
    "$hover|default": false,
    "$pressed|default": false,
    "$locked|default": false,
    "$button_bindings|default": [],
    "controls": [
      {
        "button_custom_content@$custom_content": {
          "size": "$custom_content_size"
        }
      },
      {
        "default_button_content@clear_button.button_label": {
          "visible": "($custom_content = '')"
        }
      }
    ]
  },
  "top_menu_button_default@clear_button.top_menu_button_image": {
    "$default": true,
    "alpha": "$default_alpha",
    "$default_alpha|default": 1,
    "texture": "textures/buttons/button_default"
  },
  "top_menu_button_hover@clear_button.top_menu_button_image": {
    "$hover": true,
    "texture": "$hover_button_texture",
    "$hover_button_texture|default": "textures/buttons/button_hover",
    "propagate_alpha": true,
    "disable_anim_fast_forward": true
    
  },
  "top_menu_button_pressed@clear_button.top_menu_button_hover": {
    "size": [
      "100%",
      "100%"
    ],
    "texture": "$pressed_button_texture",
    "$pressed_button_texture|default": "textures/buttons/button_hover",
    "$pressed": true,
    "anims": []
  },
  "top_menu_button_locked@clear_button.top_menu_button_image": {
    "$locked": true,
    "texture": "textures/buttons/button_default"
  },
  "clear_button@common.button": {
    "size": [
      20,
      20
    ],
    "controls": [
      {
        "default@clear_button.top_menu_button_default": {}
      },
      {
        "hover@clear_button.top_menu_button_hover": {}
      },
      {
        "pressed@clear_button.top_menu_button_pressed": {}
      }
    ]
  },

 
  "top_section_toggle_base": {
    "type": "label",
    "size": [
      145,
      30
    ],
    "text": "$button_text",
    "font_type": "smooth",
    "layer": -30,
    "controls": [
      {
        "panel@clear_button.top_section_panel": {
          "layer": 32
        }
      }
    ]
  },
  "top_section_panel": {
    "type": "panel",
    "size": "$size",
    "$size|default": [
      "100%+8px",
      20
    ],
    "$default_alpha": 0,
    "$pressed_button_texture": "textures/buttons/button_default",
    "$unchecked_control": "clear_button.top_menu_button_default",
    "$checked_control": "clear_button.top_menu_button_pressed",
    "$unchecked_hover_control": "clear_button.top_menu_button_hover",
    "$checked_hover_control": "clear_button.top_menu_button_hover",
    "radio_to_toggle_group": true,
    "$radio_toggle_group": true,
    "$toggle_name": "navigation_tab",
    "$toggle_group_default_selected": "$default_selector_toggle_index",
    "$toggle_view_binding_name|default": "this_toggle",
    "$template_toggle|default": "common_toggles.light_template_toggle",
    "$left_tab|default": false,
    "$right_tab|default": false,
    "$button_mappings": [
      {
        "from_button_id": "button.menu_select",
        "to_button_id": "button.menu_select",
        "mapping_type": "pressed"
      },
      {
        "from_button_id": "button.menu_ok",
        "to_button_id": "button.menu_ok",
        "mapping_type": "focused"
      },
      {
        "ignored": "(not $right_tab)",
        "from_button_id": "button.menu_tab_right",
        "to_button_id": "button.menu_ok",
        "mapping_type": "global",
        "scope": "view"
      },
      {
        "ignored": "(not $left_tab)",
        "from_button_id": "button.menu_tab_left",
        "to_button_id": "button.menu_ok",
        "mapping_type": "global",
        "scope": "view"
      }
    ],
    "controls": [
      {
        "$toggle_view_binding_name@$template_toggle": {}
      }
    ]
  },

  "superclear_button@common.button": {
    "size": [
      20,
      20
    ],
    "controls": [
      {
        "default@clear_button.supertop_menu_button_default": {}
      },
      {
        "hover@clear_button.supertop_menu_button_hover": {}
      },
      {
        "pressed@clear_button.top_menu_button_pressed": {}
      }
    ]
  },

  "supertop_menu_button_default@clear_button.top_menu_button_image": {
    "$default": true,
    "alpha": "$default_alpha",
    "$default_alpha|default": 1,
    "texture": "textures/ui/background_nether"
  },
  "supertop_menu_button_hover@clear_button.top_menu_button_image": {
    "$hover": true,
    "texture": "$hover_button_texture",
    "$hover_button_texture|default": "textures/ui/background_nether",
    "propagate_alpha": true,
    "disable_anim_fast_forward": true
    
  }
}